Student_ID,Exam_ID,Major,Entry_Overall,Study_Hours_Per_Week,Mock_Tests_Count,Anxiety_Level,Motivation_Score,Attendance_Rate,Listening,Reading,Writing,Speaking,Overall_Band
S001,EXAM_1000,Linguistics,4.9,6,7,2,10,0.76,6.3,6.3,5.7,4.8,5.8
S002,EXAM_1001,Business,4.5,9,1,7,2,0.85,7.6,5.6,6.1,4.7,6.0
S003,EXAM_1002,Business,5.2,8,4,10,10,0.85,6.9,6.1,6.4,6.2,6.4
S004,EXAM_1003,Engineering,5.1,5,4,3,1,0.62,6.2,7.0,5.5,6.0,6.2
S005,EXAM_1004,Linguistics,5.3,9,5,7,8,0.75,5.7,7.2,5.3,6.0,6.0
S006,EXAM_1005,Linguistics,5.3,5,7,10,1,0.85,5.9,5.5,6.7,5.9,6.0
S007,EXAM_1006,Linguistics,5.4,8,7,9,9,0.8,6.6,5.7,5.8,5.7,6.0
S008,EXAM_1007,Social Sciences,4.8,10,4,4,6,0.94,6.4,6.6,6.8,5.2,6.2
S009,EXAM_1008,Engineering,4.9,10,7,1,7,0.86,6.6,5.5,6.6,5.3,6.0
S010,EXAM_1009,Linguistics,4.6,6,3,2,10,0.67,5.6,6.1,5.7,6.0,5.8
S011,EXAM_1010,Social Sciences,5.6,7,6,1,7,0.63,5.9,6.4,6.1,6.2,6.1
S012,EXAM_1011,Information Technology,4.5,10,2,5,10,0.86,6.0,6.9,5.5,5.7,6.0
S013,EXAM_1012,Information Technology,4.9,6,10,5,3,0.61,7.1,6.8,6.2,4.9,6.2
S014,EXAM_1013,Social Sciences,4.7,7,9,7,2,0.83,5.5,6.1,5.5,4.5,5.4
S015,EXAM_1014,Social Sciences,5.7,2,5,9,9,0.98,7.4,7.0,6.0,5.1,6.4
S016,EXAM_1015,Engineering,6.1,7,6,9,8,0.83,7.6,6.8,7.2,5.5,6.8
S017,EXAM_1016,Engineering,4.8,6,4,3,10,0.76,5.5,6.3,5.7,4.9,5.6
S018,EXAM_1017,Information Technology,5.0,2,10,3,7,0.86,5.9,6.2,5.4,6.3,6.0
S019,EXAM_1018,Linguistics,5.3,4,7,3,9,0.78,6.3,6.7,6.1,5.5,6.2
S020,EXAM_1019,Information Technology,5.1,9,9,4,4,0.82,5.6,6.0,6.1,5.8,5.9
S021,EXAM_1020,Linguistics,5.0,2,7,8,4,0.98,5.9,6.7,6.1,5.6,6.1
S022,EXAM_1021,Linguistics,5.1,8,1,6,1,0.75,5.9,6.2,5.4,5.4,5.7
S023,EXAM_1022,Engineering,5.0,2,1,8,8,0.98,7.5,5.5,4.9,5.3,5.8
S024,EXAM_1023,Business,5.3,9,9,1,3,0.96,7.1,6.6,5.4,5.7,6.2
S025,EXAM_1024,Business,5.0,10,9,8,7,0.68,6.5,6.4,6.0,5.1,6.0
S026,EXAM_1025,Social Sciences,4.2,5,4,4,2,0.63,5.4,5.3,5.9,5.5,5.5
S027,EXAM_1026,Engineering,5.1,10,9,1,2,0.64,6.4,5.8,6.0,4.9,5.8
S028,EXAM_1027,Linguistics,5.1,12,3,8,7,0.61,6.4,5.9,6.3,5.9,6.1
S029,EXAM_1028,Business,4.4,5,7,4,6,0.64,5.9,5.9,5.1,5.1,5.5
S030,EXAM_1029,Linguistics,5.7,5,6,6,3,0.87,6.2,6.7,5.7,6.3,6.2
S031,EXAM_1030,Business,5.4,8,8,8,9,0.63,6.0,7.6,6.4,6.1,6.5
S032,EXAM_1031,Business,5.5,7,9,4,10,0.73,6.8,5.3,6.3,6.5,6.2
S033,EXAM_1032,Business,5.4,8,5,3,6,0.94,6.8,6.3,6.1,4.9,6.0
S034,EXAM_1033,Engineering,4.7,5,1,9,10,0.61,6.4,6.6,5.7,5.6,6.1
S035,EXAM_1034,Information Technology,3.9,7,3,3,10,0.93,4.6,6.4,5.3,5.4,5.4
S036,EXAM_1035,Linguistics,4.8,10,10,9,6,0.71,5.6,6.7,6.6,5.5,6.1
S037,EXAM_1036,Engineering,4.8,2,8,2,1,0.65,5.9,5.9,5.6,5.1,5.6
S038,EXAM_1037,Engineering,5.1,7,6,2,4,0.88,5.6,5.4,6.6,5.2,5.7
S039,EXAM_1038,Engineering,5.0,4,8,2,10,0.85,6.2,5.8,5.8,6.8,6.2
S040,EXAM_1039,Engineering,5.4,7,9,6,6,0.95,6.2,7.8,6.0,5.3,6.3
S041,EXAM_1040,Engineering,5.1,8,4,3,6,0.89,5.9,6.3,5.5,4.9,5.7
S042,EXAM_1041,Social Sciences,5.2,6,1,9,5,0.92,6.4,6.3,5.9,6.2,6.2
S043,EXAM_1042,Linguistics,5.7,2,1,4,1,0.71,5.6,6.3,6.8,5.9,6.2
S044,EXAM_1043,Engineering,5.1,7,10,1,8,0.67,6.4,7.6,6.0,5.9,6.5
S045,EXAM_1044,Linguistics,5.3,8,4,4,5,0.9,6.8,6.4,5.9,5.4,6.1
S046,EXAM_1045,Social Sciences,4.4,12,7,1,5,0.92,5.6,6.1,6.3,4.3,5.6
S047,EXAM_1046,Social Sciences,5.5,7,2,5,7,1.0,7.3,6.0,6.1,6.0,6.3
S048,EXAM_1047,Linguistics,5.0,3,3,4,4,0.77,7.3,5.2,6.2,5.5,6.0
S049,EXAM_1048,Business,4.7,11,1,8,6,0.75,6.0,5.2,5.9,5.6,5.7
S050,EXAM_1049,Information Technology,5.3,7,5,8,4,0.91,6.6,6.0,6.2,5.3,6.0
S051,EXAM_1050,Business,4.9,4,1,7,3,0.74,7.0,6.3,6.2,6.2,6.4
S052,EXAM_1051,Business,5.2,10,8,3,7,0.97,6.1,7.1,6.9,5.9,6.5
S053,EXAM_1052,Business,4.6,4,1,1,8,0.94,6.4,6.1,6.2,5.2,6.0
S054,EXAM_1053,Engineering,4.7,8,1,1,4,0.77,6.6,6.1,5.4,6.2,6.1
S055,EXAM_1054,Social Sciences,4.7,4,2,3,2,0.9,6.6,5.6,6.0,4.8,5.8
S056,EXAM_1055,Business,4.8,5,2,6,10,0.9,6.0,7.1,6.4,5.1,6.2
S057,EXAM_1056,Social Sciences,5.6,12,6,7,3,0.64,6.6,6.3,5.9,6.1,6.2
S058,EXAM_1057,Linguistics,5.8,3,7,6,1,0.96,6.2,7.3,5.6,6.7,6.5
S059,EXAM_1058,Information Technology,5.4,10,5,6,8,0.8,6.6,5.0,6.6,5.5,5.9
S060,EXAM_1059,Linguistics,4.8,2,1,6,3,0.93,6.2,6.2,4.7,5.2,5.6
S061,EXAM_1060,Linguistics,5.4,4,1,3,10,0.73,7.0,6.2,5.7,6.3,6.3
S062,EXAM_1061,Engineering,5.0,10,3,6,7,0.96,5.5,6.3,5.6,5.6,5.8
S063,EXAM_1062,Information Technology,4.6,11,2,8,10,0.76,6.5,6.4,5.3,5.3,5.9
S064,EXAM_1063,Linguistics,5.3,12,5,2,5,0.6,6.6,7.1,6.6,4.5,6.2
S065,EXAM_1064,Linguistics,5.6,7,10,5,10,0.96,6.3,7.0,5.5,6.9,6.4
S066,EXAM_1065,Information Technology,4.8,9,6,1,5,0.64,5.5,5.9,6.6,5.0,5.8
S067,EXAM_1066,Information Technology,6.0,2,7,1,7,0.73,6.4,6.7,6.8,6.5,6.6
S068,EXAM_1067,Linguistics,5.2,8,4,5,9,0.98,7.0,6.8,6.7,5.7,6.5
S069,EXAM_1068,Information Technology,5.9,4,7,3,5,0.98,5.9,6.4,7.2,6.6,6.5
S070,EXAM_1069,Linguistics,4.3,4,8,4,1,0.83,6.2,6.6,5.6,5.0,5.8
S071,EXAM_1070,Linguistics,4.8,11,1,3,10,0.85,6.5,6.6,6.0,5.3,6.1
S072,EXAM_1071,Engineering,5.9,2,6,1,10,0.78,7.5,7.0,6.9,5.0,6.6
S073,EXAM_1072,Business,5.6,3,8,1,1,0.72,6.4,7.1,5.7,5.3,6.1
S074,EXAM_1073,Linguistics,5.1,12,5,5,2,0.73,6.4,5.7,7.7,5.8,6.4
S075,EXAM_1074,Social Sciences,4.7,2,4,6,6,0.87,6.2,5.9,5.7,5.8,5.9
S076,EXAM_1075,Business,5.0,6,2,3,9,0.9,6.0,7.0,5.7,6.1,6.2
S077,EXAM_1076,Business,4.6,6,6,9,8,0.92,6.2,5.8,6.2,5.5,5.9
S078,EXAM_1077,Business,5.2,4,6,5,5,0.92,5.8,5.8,5.7,5.9,5.8
S079,EXAM_1078,Engineering,5.3,7,1,8,1,0.64,6.6,5.9,6.3,6.0,6.2
S080,EXAM_1079,Linguistics,5.6,11,9,1,7,0.8,7.3,6.8,5.1,5.4,6.2
S081,EXAM_1080,Engineering,4.8,4,6,5,5,0.62,6.8,5.9,5.9,6.2,6.2
S082,EXAM_1081,Linguistics,5.0,8,3,3,6,0.82,6.0,6.6,6.3,5.7,6.1
S083,EXAM_1082,Engineering,5.3,2,4,1,7,0.78,6.5,5.9,5.8,6.3,6.1
S084,EXAM_1083,Engineering,5.8,10,4,4,3,0.96,6.7,6.2,6.2,6.6,6.4
S085,EXAM_1084,Social Sciences,5.3,11,3,5,10,0.74,5.4,6.5,5.7,6.7,6.1
S086,EXAM_1085,Engineering,4.7,5,10,7,3,0.65,6.5,5.4,5.8,4.4,5.5
S087,EXAM_1086,Information Technology,4.9,10,3,1,5,0.66,5.7,6.1,6.8,5.7,6.1
S088,EXAM_1087,Social Sciences,4.2,4,3,3,6,0.9,5.4,5.4,5.2,5.3,5.3
S089,EXAM_1088,Engineering,4.7,10,4,2,9,0.85,6.3,6.5,5.6,6.0,6.1
S090,EXAM_1089,Business,5.9,3,7,9,5,0.64,6.5,7.3,7.2,6.7,6.9
S091,EXAM_1090,Information Technology,5.7,4,4,10,1,0.63,7.8,6.3,5.1,6.2,6.3
S092,EXAM_1091,Information Technology,4.9,10,9,6,4,0.88,5.7,7.3,6.0,5.5,6.1
S093,EXAM_1092,Information Technology,4.8,7,1,10,5,0.63,6.1,6.6,5.7,6.0,6.1
S094,EXAM_1093,Social Sciences,5.4,8,8,3,10,0.93,6.6,7.0,6.6,6.0,6.5
S095,EXAM_1094,Engineering,5.4,7,7,8,10,0.88,6.8,7.2,6.2,6.5,6.7
S096,EXAM_1095,Engineering,5.0,12,2,8,5,0.63,6.4,5.8,5.8,5.9,6.0
S097,EXAM_1096,Business,4.9,2,8,2,7,0.63,5.4,6.1,5.6,6.5,5.9
S098,EXAM_1097,Business,5.3,11,1,6,4,0.99,5.8,6.7,6.2,6.0,6.2
S099,EXAM_1098,Information Technology,5.5,10,9,7,1,0.75,6.2,5.7,5.2,6.8,6.0
S100,EXAM_1099,Business,6.0,12,9,2,5,0.75,7.6,6.8,5.6,6.5,6.6
S101,EXAM_1100,Business,5.2,10,8,3,7,0.96,6.1,7.0,6.8,6.0,6.5
S102,EXAM_1101,Business,4.6,11,1,8,6,0.77,6.0,5.2,5.9,5.6,5.7
S103,EXAM_1102,Business,5.6,3,8,2,1,0.71,6.4,7.0,5.7,5.2,6.1
S104,EXAM_1103,Engineering,5.1,5,4,3,1,0.61,6.1,6.9,5.4,6.0,6.1
S105,EXAM_1104,Social Sciences,5.6,2,5,9,9,1.0,7.4,7.0,6.0,5.1,6.4
S106,EXAM_1105,Engineering,5.1,2,1,8,7,0.99,7.4,5.5,4.9,5.3,5.8
S107,EXAM_1106,Business,4.6,6,7,9,8,0.93,6.3,5.9,6.3,5.5,6.0
S108,EXAM_1107,Linguistics,5.1,12,3,8,7,0.62,6.4,5.9,6.3,5.8,6.1
S109,EXAM_1108,Business,4.5,6,6,9,8,0.92,6.2,5.7,6.1,5.6,5.9
S110,EXAM_1109,Linguistics,5.7,3,7,7,1,0.96,6.2,7.2,5.7,6.7,6.4
S111,EXAM_1110,Engineering,4.8,6,4,3,10,0.76,5.5,6.4,5.8,5.0,5.7
S112,EXAM_1111,Linguistics,5.3,4,7,3,9,0.79,6.4,6.7,6.2,5.6,6.2
S113,EXAM_1112,Information Technology,5.3,7,5,8,4,0.91,6.6,6.0,6.1,5.2,6.0
S114,EXAM_1113,Linguistics,5.0,3,3,4,4,0.78,7.2,5.3,6.1,5.4,6.0
S115,EXAM_1114,Information Technology,4.8,9,6,1,5,0.63,5.5,6.0,6.6,5.1,5.8
S116,EXAM_1115,Business,5.4,9,5,3,6,0.94,6.9,6.3,6.0,4.8,6.0
S117,EXAM_1116,Business,4.9,3,8,2,7,0.64,5.4,6.1,5.6,6.5,5.9
S118,EXAM_1117,Information Technology,5.5,10,9,7,1,0.73,6.1,5.8,5.2,6.7,5.9
S119,EXAM_1118,Business,5.9,3,7,9,5,0.63,6.5,7.3,7.2,6.8,7.0
S120,EXAM_1119,Social Sciences,5.5,12,6,7,3,0.64,6.7,6.3,5.9,6.1,6.2
S121,EXAM_1120,Engineering,5.0,10,3,6,7,0.95,5.5,6.3,5.6,5.6,5.8
S122,EXAM_1121,Engineering,5.1,12,2,8,5,0.64,6.5,5.8,5.8,5.8,6.0
S123,EXAM_1122,Social Sciences,4.7,4,2,3,2,0.9,6.6,5.6,6.0,4.8,5.8
S124,EXAM_1123,Engineering,4.6,10,5,2,9,0.84,6.4,6.5,5.6,6.0,6.1
S125,EXAM_1124,Business,5.0,6,3,3,9,0.91,6.2,7.0,5.8,6.2,6.3
S126,EXAM_1125,Linguistics,5.6,11,9,1,6,0.82,7.3,6.9,5.1,5.4,6.2
S127,EXAM_1126,Information Technology,6.0,2,7,1,7,0.71,6.4,6.7,6.9,6.4,6.6
S128,EXAM_1127,Information Technology,4.8,7,1,10,5,0.63,6.1,6.6,5.7,6.0,6.1
S129,EXAM_1128,Business,5.7,4,8,1,1,0.7,6.4,7.2,5.7,5.2,6.1
S130,EXAM_1129,Engineering,5.0,2,1,8,8,0.99,7.5,5.6,4.9,5.3,5.8
S131,EXAM_1130,Business,5.2,5,6,5,5,0.91,5.7,5.8,5.8,5.9,5.8
S132,EXAM_1131,Business,5.0,6,2,3,9,0.9,6.1,7.0,5.7,6.0,6.2
S133,EXAM_1132,Engineering,5.2,7,6,2,3,0.9,5.6,5.4,6.6,5.2,5.7
S134,EXAM_1133,Information Technology,4.9,10,9,6,4,0.86,5.6,7.3,5.9,5.6,6.1
S135,EXAM_1134,Linguistics,5.8,3,7,6,1,0.97,6.3,7.4,5.7,6.7,6.5
S136,EXAM_1135,Business,5.2,8,4,10,10,0.83,7.0,6.0,6.3,6.2,6.4
S137,EXAM_1136,Engineering,5.7,10,4,4,3,0.96,6.6,6.2,6.3,6.6,6.4
S138,EXAM_1137,Information Technology,4.9,2,10,3,7,0.85,5.9,6.2,5.4,6.3,6.0
S139,EXAM_1138,Business,5.2,4,6,5,5,0.93,5.8,5.8,5.8,5.9,5.8
S140,EXAM_1139,Information Technology,5.3,7,5,8,4,0.91,6.7,6.1,6.2,5.3,6.1
S141,EXAM_1140,Business,5.3,10,1,5,4,1.0,5.9,6.7,6.3,5.9,6.2
S142,EXAM_1141,Business,4.9,4,1,7,3,0.73,6.9,6.3,6.1,6.3,6.4
S143,EXAM_1142,Engineering,5.0,2,1,8,8,0.99,7.4,5.5,4.9,5.3,5.8
S144,EXAM_1143,Linguistics,5.4,4,1,3,10,0.72,7.0,6.1,5.7,6.4,6.3
S145,EXAM_1144,Information Technology,4.6,11,2,8,10,0.75,6.6,6.4,5.3,5.3,5.9
S146,EXAM_1145,Engineering,5.1,2,1,8,8,0.98,7.5,5.4,4.9,5.2,5.8
S147,EXAM_1146,Engineering,5.1,7,9,1,8,0.7,6.5,7.6,6.1,6.0,6.6
S148,EXAM_1147,Engineering,5.2,2,4,1,7,0.76,6.5,5.9,5.8,6.2,6.1
S149,EXAM_1148,Social Sciences,5.4,8,8,3,10,0.93,6.6,6.9,6.6,6.0,6.5
S150,EXAM_1149,Business,4.9,4,1,8,3,0.75,7.0,6.3,6.3,6.2,6.4
S151,EXAM_1150,Social Sciences,4.7,6,9,7,2,0.83,5.4,6.1,5.6,4.5,5.4
S152,EXAM_1151,Linguistics,5.6,7,10,5,10,0.98,6.3,6.9,5.5,6.9,6.4
S153,EXAM_1152,Linguistics,4.8,2,1,6,3,0.93,6.2,6.3,4.6,5.2,5.6
S154,EXAM_1153,Social Sciences,5.3,6,1,9,4,0.92,6.4,6.4,5.9,6.2,6.2
S155,EXAM_1154,Information Technology,4.8,9,6,1,5,0.65,5.4,5.9,6.6,5.1,5.8
S156,EXAM_1155,Social Sciences,5.4,8,8,3,10,0.92,6.6,7.0,6.6,6.0,6.6
S157,EXAM_1156,Business,4.9,2,8,1,7,0.66,5.3,6.3,5.7,6.5,6.0
S158,EXAM_1157,Engineering,5.2,10,9,1,2,0.63,6.4,5.8,6.0,4.8,5.8
S159,EXAM_1158,Social Sciences,4.4,12,7,1,5,0.92,5.6,6.2,6.3,4.3,5.6
S160,EXAM_1159,Linguistics,4.8,10,10,9,6,0.7,5.5,6.6,6.6,5.5,6.0
S161,EXAM_1160,Business,4.4,8,1,7,2,0.83,7.7,5.6,6.1,4.7,6.0
S162,EXAM_1161,Social Sciences,5.3,11,4,5,10,0.75,5.4,6.4,5.7,6.6,6.0
S163,EXAM_1162,Business,4.9,4,1,7,3,0.73,7.0,6.3,6.2,6.3,6.4
S164,EXAM_1163,Information Technology,4.7,10,6,1,5,0.63,5.5,5.9,6.6,5.0,5.8
S165,EXAM_1164,Engineering,4.7,5,1,9,10,0.61,6.4,6.6,5.7,5.6,6.1
S166,EXAM_1165,Information Technology,6.0,2,7,1,7,0.73,6.3,6.6,6.8,6.5,6.6
S167,EXAM_1166,Business,5.4,8,5,3,6,0.95,6.8,6.2,6.0,4.9,6.0
S168,EXAM_1167,Linguistics,5.4,9,5,7,8,0.75,5.7,7.2,5.2,6.0,6.0
S169,EXAM_1168,Engineering,4.8,3,6,5,5,0.62,6.8,5.9,5.9,6.2,6.2
S170,EXAM_1169,Social Sciences,4.7,2,4,6,6,0.86,6.3,5.9,5.7,5.7,5.9
S171,EXAM_1170,Information Technology,5.8,4,4,10,1,0.64,7.8,6.2,5.1,6.2,6.3
S172,EXAM_1171,Linguistics,4.8,10,10,9,6,0.71,5.6,6.7,6.6,5.4,6.1
S173,EXAM_1172,Linguistics,4.7,10,10,9,6,0.74,5.5,6.6,6.7,5.5,6.1
S174,EXAM_1173,Social Sciences,5.2,6,1,9,5,0.93,6.3,6.3,6.0,6.2,6.2
S175,EXAM_1174,Linguistics,5.6,11,9,1,7,0.8,7.3,6.8,5.2,5.4,6.2
S176,EXAM_1175,Engineering,5.1,3,8,2,10,0.83,6.3,5.8,5.7,6.9,6.2
S177,EXAM_1176,Information Technology,4.9,10,3,1,5,0.64,5.7,6.2,6.8,5.8,6.1
S178,EXAM_1177,Business,5.6,7,9,4,10,0.72,6.9,5.3,6.3,6.5,6.2
S179,EXAM_1178,Linguistics,5.7,5,6,6,3,0.86,6.2,6.7,5.7,6.3,6.2
S180,EXAM_1179,Information Technology,4.6,11,2,8,10,0.77,6.5,6.5,5.3,5.3,5.9
S181,EXAM_1180,Business,5.9,3,7,9,6,0.65,6.4,7.3,7.1,6.9,6.9
S182,EXAM_1181,Engineering,4.8,6,4,3,10,0.77,5.4,6.3,5.7,4.9,5.6
S183,EXAM_1182,Information Technology,4.9,10,9,6,4,0.89,5.7,7.3,6.0,5.5,6.1
S184,EXAM_1183,Linguistics,5.0,3,3,4,5,0.76,7.3,5.3,6.2,5.6,6.1
S185,EXAM_1184,Business,5.4,8,5,3,6,0.95,6.8,6.4,6.2,5.0,6.1
S186,EXAM_1185,Engineering,5.1,7,6,2,4,0.89,5.7,5.4,6.6,5.2,5.7
S187,EXAM_1186,Information Technology,4.9,6,10,5,3,0.64,7.1,6.8,6.2,5.0,6.3
S188,EXAM_1187,Engineering,5.0,12,2,8,5,0.64,6.4,5.8,5.8,6.0,6.0
S189,EXAM_1188,Linguistics,5.1,8,1,6,1,0.73,5.9,6.3,5.3,5.4,5.7
S190,EXAM_1189,Business,4.4,5,7,4,6,0.65,5.9,5.9,5.0,5.1,5.5
S191,EXAM_1190,Linguistics,5.8,3,7,6,1,0.97,6.2,7.3,5.6,6.7,6.4
S192,EXAM_1191,Linguistics,4.8,11,1,3,10,0.85,6.5,6.6,5.9,5.3,6.1
S193,EXAM_1192,Linguistics,4.8,2,1,6,3,0.91,6.2,6.1,4.6,5.2,5.5
S194,EXAM_1193,Linguistics,5.3,8,4,4,5,0.89,6.8,6.4,5.9,5.3,6.1
S195,EXAM_1194,Engineering,5.4,7,9,6,6,0.94,6.2,7.7,6.1,5.3,6.3
S196,EXAM_1195,Business,5.3,11,1,6,4,1.0,5.8,6.7,6.2,6.0,6.2
S197,EXAM_1196,Engineering,5.8,10,4,4,4,0.95,6.8,6.2,6.2,6.6,6.4
S198,EXAM_1197,Linguistics,5.2,8,4,4,5,0.91,6.8,6.3,5.9,5.4,6.1
S199,EXAM_1198,Information Technology,3.9,7,3,3,10,0.93,4.7,6.4,5.3,5.5,5.5
S200,EXAM_1199,Information Technology,5.3,7,5,8,4,0.91,6.6,6.1,6.2,5.2,6.0
S201,EXAM_1200,Information Technology,4.5,9,2,5,10,0.88,6.1,7.0,5.5,5.6,6.1
S202,EXAM_1201,Engineering,4.8,2,8,2,1,0.62,6.0,5.8,5.6,5.0,5.6
S203,EXAM_1202,Linguistics,5.1,12,3,8,7,0.61,6.3,5.9,6.3,6.0,6.1
S204,EXAM_1203,Information Technology,5.1,9,9,4,4,0.8,5.6,5.9,6.1,5.9,5.9
S205,EXAM_1204,Business,4.8,5,2,6,10,0.9,6.0,7.1,6.4,5.1,6.2
S206,EXAM_1205,Information Technology,5.9,4,7,3,6,0.98,5.9,6.4,7.2,6.5,6.5
S207,EXAM_1206,Engineering,5.0,2,1,8,8,0.97,7.6,5.5,4.9,5.2,5.8
S208,EXAM_1207,Social Sciences,4.7,4,2,3,2,0.9,6.6,5.6,6.0,4.9,5.8
S209,EXAM_1208,Business,5.9,3,7,9,5,0.64,6.5,7.3,7.3,6.7,7.0
S210,EXAM_1209,Engineering,5.1,5,4,3,1,0.62,6.2,6.9,5.4,5.9,6.1
S211,EXAM_1210,Linguistics,5.0,2,7,9,4,0.98,5.8,6.7,6.2,5.6,6.1
S212,EXAM_1211,Engineering,4.9,10,6,2,7,0.84,6.7,5.6,6.7,5.3,6.1
S213,EXAM_1212,Linguistics,4.3,4,8,4,1,0.83,6.1,6.7,5.6,4.9,5.8
S214,EXAM_1213,Linguistics,5.3,4,7,3,9,0.77,6.2,6.7,6.2,5.5,6.2
S215,EXAM_1214,Business,4.7,11,1,8,6,0.74,6.0,5.2,5.9,5.6,5.7
S216,EXAM_1215,Linguistics,5.4,8,7,9,10,0.81,6.6,5.8,5.8,5.6,5.9
S217,EXAM_1216,Social Sciences,5.2,6,1,9,5,0.91,6.5,6.3,5.9,6.2,6.2
S218,EXAM_1217,Business,4.9,2,8,2,8,0.61,5.4,6.0,5.6,6.5,5.9
S219,EXAM_1218,Social Sciences,5.6,7,6,2,7,0.65,6.0,6.4,6.1,6.3,6.2
S220,EXAM_1219,Engineering,5.0,4,8,2,9,0.83,6.3,5.7,5.9,6.8,6.2
S221,EXAM_1220,Linguistics,4.8,2,1,6,3,0.96,6.1,6.1,4.7,5.3,5.6
S222,EXAM_1221,Business,5.2,11,1,6,4,0.99,5.8,6.7,6.1,5.9,6.1
S223,EXAM_1222,Social Sciences,4.7,4,2,3,2,0.9,6.7,5.6,6.1,4.8,5.8
S224,EXAM_1223,Linguistics,5.0,8,3,4,6,0.82,5.9,6.5,6.2,5.7,6.1
S225,EXAM_1224,Linguistics,5.6,7,10,5,10,0.96,6.3,7.0,5.5,6.9,6.4
S226,EXAM_1225,Business,4.7,11,1,8,6,0.75,6.0,5.3,5.9,5.6,5.7
S227,EXAM_1226,Information Technology,4.8,9,6,1,5,0.65,5.4,5.9,6.5,5.0,5.7
S228,EXAM_1227,Linguistics,5.6,11,8,1,7,0.79,7.3,6.8,5.0,5.4,6.1
S229,EXAM_1228,Business,5.2,4,6,5,5,0.9,5.7,5.8,5.7,5.8,5.8
S230,EXAM_1229,Information Technology,5.3,7,5,8,4,0.91,6.6,6.0,6.2,5.4,6.1
S231,EXAM_1230,Business,5.2,10,8,3,7,0.99,6.0,7.2,6.8,6.1,6.5
S232,EXAM_1231,Linguistics,4.8,11,1,3,10,0.85,6.6,6.6,6.0,5.2,6.1
S233,EXAM_1232,Linguistics,5.6,7,10,5,10,0.95,6.3,7.1,5.5,6.9,6.4
S234,EXAM_1233,Linguistics,5.2,8,4,5,9,0.98,7.0,6.8,6.7,5.7,6.6
S235,EXAM_1234,Business,4.4,9,1,7,2,0.86,7.6,5.6,6.1,4.7,6.0
S236,EXAM_1235,Social Sciences,4.2,4,3,3,6,0.9,5.4,5.4,5.2,5.2,5.3
S237,EXAM_1236,Business,6.1,12,9,2,5,0.76,7.7,6.8,5.5,6.6,6.6
S238,EXAM_1237,Information Technology,5.3,7,5,8,4,0.92,6.6,5.9,6.2,5.2,6.0
S239,EXAM_1238,Business,5.5,7,9,4,10,0.73,6.8,5.2,6.2,6.4,6.2
S240,EXAM_1239,Engineering,4.7,10,4,2,9,0.85,6.3,6.5,5.6,5.9,6.1
S241,EXAM_1240,Linguistics,5.0,2,7,8,4,0.99,5.9,6.6,6.1,5.6,6.1
S242,EXAM_1241,Engineering,5.1,10,9,1,2,0.63,6.4,5.9,6.0,4.8,5.8
S243,EXAM_1242,Business,5.0,10,9,8,7,0.67,6.6,6.4,6.0,5.0,6.0
S244,EXAM_1243,Social Sciences,4.3,12,7,1,5,0.92,5.6,6.1,6.3,4.3,5.6
S245,EXAM_1244,Social Sciences,4.7,2,4,5,6,0.86,6.3,5.9,5.7,5.8,5.9
S246,EXAM_1245,Social Sciences,5.3,11,3,5,10,0.74,5.4,6.5,5.7,6.7,6.1
S247,EXAM_1246,Business,5.3,9,9,1,3,0.96,7.1,6.6,5.4,5.8,6.2
S248,EXAM_1247,Business,5.4,8,8,8,9,0.64,6.0,7.6,6.4,6.1,6.5
S249,EXAM_1248,Social Sciences,5.6,12,7,7,3,0.64,6.7,6.3,6.0,6.0,6.2
S250,EXAM_1249,Engineering,6.1,7,6,9,9,0.84,7.6,6.7,7.1,5.3,6.7
S251,EXAM_1250,Linguistics,4.9,2,7,8,4,0.97,5.9,6.7,6.0,5.6,6.1
S252,EXAM_1251,Business,5.4,8,8,8,9,0.61,6.0,7.6,6.4,6.1,6.5
S253,EXAM_1252,Engineering,5.8,11,4,4,3,0.96,6.7,6.1,6.1,6.6,6.4
S254,EXAM_1253,Linguistics,4.9,3,3,4,4,0.75,7.3,5.2,6.1,5.6,6.1
S255,EXAM_1254,Engineering,5.1,8,4,4,6,0.86,5.9,6.4,5.4,4.9,5.6
S256,EXAM_1255,Business,5.2,11,1,7,5,0.98,5.8,6.7,6.3,6.0,6.2
S257,EXAM_1256,Linguistics,4.5,6,3,2,10,0.68,5.5,6.1,5.8,6.0,5.8
S258,EXAM_1257,Information Technology,4.6,11,2,8,10,0.75,6.5,6.3,5.3,5.3,5.9
S259,EXAM_1258,Information Technology,5.8,4,7,3,5,0.99,5.9,6.4,7.1,6.6,6.5
S260,EXAM_1259,Engineering,5.7,10,4,4,4,0.96,6.7,6.2,6.2,6.6,6.4
S261,EXAM_1260,Engineering,5.1,5,4,3,1,0.61,6.2,7.0,5.5,6.0,6.2
S262,EXAM_1261,Linguistics,5.3,9,5,7,8,0.76,5.7,7.2,5.3,6.1,6.1
S263,EXAM_1262,Linguistics,5.0,3,7,8,4,0.97,6.0,6.6,6.1,5.6,6.1
S264,EXAM_1263,Social Sciences,5.4,8,8,3,10,0.92,6.6,7.0,6.6,6.0,6.6
S265,EXAM_1264,Information Technology,4.6,11,2,8,10,0.75,6.5,6.4,5.3,5.3,5.9
S266,EXAM_1265,Linguistics,5.3,6,7,10,1,0.85,5.8,5.6,6.7,5.9,6.0
S267,EXAM_1266,Social Sciences,4.2,4,3,3,6,0.9,5.5,5.5,5.3,5.3,5.4
S268,EXAM_1267,Social Sciences,4.7,7,9,7,2,0.82,5.5,6.1,5.5,4.6,5.4
S269,EXAM_1268,Linguistics,5.1,8,4,5,9,0.96,7.1,6.8,6.8,5.8,6.6
S270,EXAM_1269,Linguistics,5.0,3,3,4,4,0.8,7.2,5.2,6.3,5.5,6.0
S271,EXAM_1270,Linguistics,5.3,4,7,3,9,0.79,6.3,6.6,6.1,5.4,6.1
S272,EXAM_1271,Linguistics,5.3,7,4,4,5,0.9,6.8,6.3,5.8,5.2,6.0
S273,EXAM_1272,Information Technology,5.5,10,9,7,1,0.75,6.3,5.7,5.2,7.0,6.0
S274,EXAM_1273,Engineering,4.7,8,1,1,4,0.76,6.7,6.1,5.5,6.2,6.1
S275,EXAM_1274,Linguistics,5.3,4,7,3,9,0.78,6.2,6.7,6.0,5.6,6.1
S276,EXAM_1275,Business,5.9,3,7,9,5,0.61,6.4,7.3,7.3,6.7,6.9
S277,EXAM_1276,Business,4.8,2,8,2,7,0.65,5.4,6.2,5.5,6.5,5.9
S278,EXAM_1277,Business,5.6,3,8,1,1,0.72,6.4,7.1,5.7,5.2,6.1
S279,EXAM_1278,Linguistics,5.3,8,4,4,5,0.9,6.8,6.4,5.9,5.5,6.2
S280,EXAM_1279,Linguistics,5.3,8,4,4,5,0.91,6.7,6.4,5.8,5.5,6.1
S281,EXAM_1280,Social Sciences,5.6,12,6,8,3,0.63,6.6,6.3,5.8,6.1,6.2
S282,EXAM_1281,Information Technology,3.9,7,3,3,10,0.95,4.5,6.4,5.3,5.4,5.4
S283,EXAM_1282,Engineering,5.1,5,4,3,1,0.63,6.1,6.9,5.5,5.9,6.1
S284,EXAM_1283,Social Sciences,5.2,6,1,9,5,0.9,6.4,6.2,5.9,6.1,6.2
S285,EXAM_1284,Engineering,4.7,5,1,9,10,0.62,6.4,6.5,5.6,5.6,6.0
S286,EXAM_1285,Social Sciences,5.5,7,6,1,8,0.62,5.7,6.4,6.2,6.3,6.2
S287,EXAM_1286,Linguistics,5.3,4,7,3,9,0.78,6.3,6.8,6.1,5.5,6.2
S288,EXAM_1287,Engineering,4.8,5,6,5,5,0.62,6.7,5.9,6.1,6.1,6.2
S289,EXAM_1288,Engineering,5.0,10,2,7,7,0.96,5.5,6.3,5.6,5.6,5.8
S290,EXAM_1289,Engineering,5.1,5,4,3,1,0.61,6.2,6.9,5.6,6.0,6.2
S291,EXAM_1290,Linguistics,5.0,2,7,8,4,0.99,5.9,6.7,6.1,5.6,6.1
S292,EXAM_1291,Linguistics,5.3,9,5,7,8,0.74,5.6,7.3,5.3,5.9,6.0
S293,EXAM_1292,Social Sciences,4.6,7,9,7,2,0.84,5.4,6.1,5.5,4.4,5.4
S294,EXAM_1293,Social Sciences,4.8,10,4,4,6,0.94,6.5,6.6,6.8,5.1,6.2
S295,EXAM_1294,Business,5.6,7,9,4,10,0.74,6.9,5.3,6.3,6.6,6.3
S296,EXAM_1295,Information Technology,4.6,11,2,8,10,0.74,6.5,6.5,5.3,5.3,5.9
S297,EXAM_1296,Social Sciences,4.2,4,3,3,6,0.89,5.4,5.5,5.2,5.3,5.4
S298,EXAM_1297,Information Technology,4.8,6,10,5,3,0.61,7.1,6.9,6.2,4.9,6.3
S299,EXAM_1298,Information Technology,4.9,6,10,5,4,0.61,7.0,6.8,6.2,5.0,6.2
S300,EXAM_1299,Information Technology,5.1,2,10,3,7,0.85,6.0,6.2,5.4,6.4,6.0
S301,EXAM_1300,Business,6.0,12,9,2,5,0.76,7.7,6.7,5.7,6.5,6.6
S302,EXAM_1301,Engineering,4.7,8,1,1,4,0.78,6.5,6.1,5.3,6.2,6.0
S303,EXAM_1302,Business,5.3,9,9,1,3,0.97,7.1,6.6,5.4,5.7,6.2
S304,EXAM_1303,Linguistics,5.6,7,10,5,10,0.96,6.4,7.0,5.4,6.9,6.4
S305,EXAM_1304,Information Technology,4.5,10,2,5,10,0.88,5.9,6.9,5.5,5.6,6.0
S306,EXAM_1305,Engineering,5.3,7,1,8,1,0.62,6.7,6.0,6.4,6.0,6.3
S307,EXAM_1306,Engineering,4.8,6,4,3,10,0.78,5.5,6.3,5.6,5.0,5.6
S308,EXAM_1307,Linguistics,5.1,12,3,8,7,0.63,6.4,5.9,6.3,5.9,6.1
S309,EXAM_1308,Engineering,5.8,11,4,4,4,0.96,6.7,6.2,6.2,6.7,6.4
S310,EXAM_1309,Linguistics,5.1,12,5,5,2,0.73,6.3,5.7,7.7,5.8,6.4
S311,EXAM_1310,Engineering,5.4,7,7,8,10,0.88,6.8,7.2,6.2,6.5,6.7
S312,EXAM_1311,Information Technology,5.5,10,5,6,8,0.8,6.6,5.0,6.5,5.5,5.9
S313,EXAM_1312,Linguistics,5.7,2,1,4,1,0.71,5.5,6.3,6.8,5.9,6.1
S314,EXAM_1313,Engineering,5.9,2,6,1,10,0.76,7.6,7.0,6.9,5.0,6.6
S315,EXAM_1314,Business,6.0,3,7,9,5,0.62,6.5,7.3,7.1,6.7,6.9
S316,EXAM_1315,Linguistics,5.3,9,5,7,9,0.73,5.8,7.2,5.3,5.9,6.1
S317,EXAM_1316,Social Sciences,5.6,7,2,5,7,0.99,7.3,6.0,6.0,6.1,6.4
S318,EXAM_1317,Social Sciences,5.7,2,5,9,9,1.0,7.4,7.0,6.0,5.1,6.4
S319,EXAM_1318,Engineering,5.4,7,7,8,10,0.87,6.8,7.1,6.2,6.5,6.6
S320,EXAM_1319,Information Technology,4.9,10,3,1,5,0.66,5.6,6.1,6.8,5.8,6.1
S321,EXAM_1320,Engineering,5.9,2,7,1,10,0.77,7.5,7.0,6.8,5.0,6.6
S322,EXAM_1321,Business,5.0,10,9,8,7,0.68,6.5,6.4,6.0,5.1,6.0
S323,EXAM_1322,Engineering,5.1,8,4,3,6,0.91,5.9,6.3,5.4,4.9,5.6
S324,EXAM_1323,Business,5.5,7,9,4,10,0.73,6.8,5.2,6.4,6.5,6.2
S325,EXAM_1324,Business,5.0,2,8,2,7,0.65,5.3,6.1,5.5,6.4,5.8
S326,EXAM_1325,Linguistics,5.1,8,1,6,1,0.75,5.9,6.2,5.3,5.4,5.7
S327,EXAM_1326,Social Sciences,4.7,2,4,6,6,0.88,6.2,5.8,5.7,5.8,5.9
S328,EXAM_1327,Engineering,4.7,5,10,7,3,0.66,6.4,5.4,5.9,4.4,5.5
S329,EXAM_1328,Information Technology,5.1,9,9,4,4,0.81,5.6,5.9,6.1,5.9,5.9
S330,EXAM_1329,Engineering,5.1,8,4,3,7,0.89,5.9,6.4,5.5,4.9,5.7
S331,EXAM_1330,Social Sciences,4.7,4,2,3,2,0.92,6.7,5.7,5.9,4.9,5.8
S332,EXAM_1331,Business,6.1,12,9,2,5,0.74,7.6,6.8,5.6,6.5,6.6
S333,EXAM_1332,Linguistics,4.6,6,3,2,10,0.67,5.6,6.1,5.7,6.0,5.8
S334,EXAM_1333,Social Sciences,5.7,2,5,9,9,0.99,7.4,6.9,5.9,5.0,6.3
S335,EXAM_1334,Engineering,5.1,10,3,6,7,0.96,5.6,6.3,5.6,5.7,5.8
S336,EXAM_1335,Business,4.9,4,1,7,3,0.74,7.1,6.3,6.3,6.2,6.5
S337,EXAM_1336,Engineering,5.5,7,9,6,6,0.95,6.2,7.7,6.0,5.3,6.3
S338,EXAM_1337,Linguistics,5.2,8,4,5,9,0.97,7.1,6.9,6.7,5.8,6.6
S339,EXAM_1338,Linguistics,5.2,8,4,5,8,0.99,7.1,6.8,6.7,5.8,6.6
S340,EXAM_1339,Business,5.5,7,9,4,10,0.72,6.8,5.3,6.3,6.4,6.2
S341,EXAM_1340,Linguistics,5.3,9,5,7,9,0.74,5.7,7.1,5.3,5.9,6.0
S342,EXAM_1341,Engineering,5.1,2,1,8,8,0.99,7.4,5.5,5.0,5.3,5.8
S343,EXAM_1342,Business,5.2,4,6,5,5,0.91,5.8,5.8,5.7,5.8,5.8
S344,EXAM_1343,Linguistics,5.1,12,3,8,7,0.62,6.5,5.9,6.3,5.8,6.1
S345,EXAM_1344,Information Technology,4.9,6,10,5,3,0.61,7.0,6.8,6.1,4.9,6.2
S346,EXAM_1345,Information Technology,5.9,4,7,3,5,0.99,6.0,6.4,7.2,6.5,6.5
S347,EXAM_1346,Engineering,6.2,7,6,9,7,0.83,7.6,6.9,7.2,5.5,6.8
S348,EXAM_1347,Linguistics,5.3,8,5,4,5,0.9,6.8,6.4,5.9,5.4,6.1
S349,EXAM_1348,Linguistics,5.1,8,2,3,6,0.81,6.0,6.6,6.3,5.6,6.1
S350,EXAM_1349,Social Sciences,4.8,2,4,7,6,0.89,6.3,5.9,5.7,5.8,5.9
S351,EXAM_1350,Linguistics,5.8,3,7,6,1,0.94,6.2,7.3,5.5,6.8,6.4
S352,EXAM_1351,Business,5.9,3,7,9,6,0.64,6.4,7.3,7.1,6.7,6.9
S353,EXAM_1352,Information Technology,5.4,10,6,6,8,0.79,6.6,5.0,6.7,5.4,5.9
S354,EXAM_1353,Information Technology,6.0,2,7,1,7,0.72,6.4,6.6,6.8,6.4,6.6
S355,EXAM_1354,Engineering,5.3,7,1,8,1,0.63,6.5,5.9,6.4,6.0,6.2
S356,EXAM_1355,Engineering,5.3,7,1,8,1,0.64,6.6,5.9,6.3,6.0,6.2
S357,EXAM_1356,Linguistics,5.1,3,3,4,4,0.78,7.2,5.3,6.2,5.4,6.0
S358,EXAM_1357,Linguistics,5.9,3,7,6,1,0.96,6.2,7.4,5.6,6.8,6.5
S359,EXAM_1358,Information Technology,5.1,9,9,4,4,0.84,5.4,5.9,6.2,5.8,5.8
S360,EXAM_1359,Social Sciences,5.2,6,1,9,5,0.93,6.4,6.3,5.9,6.1,6.2
S361,EXAM_1360,Engineering,5.1,8,4,3,6,0.9,5.8,6.3,5.5,4.9,5.6
S362,EXAM_1361,Engineering,4.8,4,6,5,5,0.63,6.8,5.9,5.8,6.2,6.2
S363,EXAM_1362,Business,4.7,6,6,9,8,0.92,6.3,5.8,6.2,5.5,6.0
S364,EXAM_1363,Social Sciences,4.7,4,2,3,2,0.9,6.5,5.7,6.0,4.8,5.8
S365,EXAM_1364,Social Sciences,4.8,10,3,4,6,0.94,6.4,6.5,6.8,5.3,6.2
S366,EXAM_1365,Linguistics,5.8,3,7,6,1,0.96,6.2,7.3,5.6,6.7,6.4
S367,EXAM_1366,Linguistics,5.3,12,5,2,5,0.59,6.6,7.1,6.6,4.5,6.2
S368,EXAM_1367,Information Technology,4.9,10,3,1,5,0.67,5.7,6.1,6.8,5.7,6.1
S369,EXAM_1368,Social Sciences,5.6,12,6,7,3,0.62,6.6,6.2,5.9,6.1,6.2
S370,EXAM_1369,Business,4.6,7,6,9,8,0.92,6.1,5.7,6.3,5.5,5.9
S371,EXAM_1370,Engineering,5.0,10,3,6,7,0.97,5.4,6.4,5.6,5.6,5.8
S372,EXAM_1371,Business,5.2,8,4,10,10,0.86,6.9,6.0,6.4,6.3,6.4
S373,EXAM_1372,Information Technology,5.5,10,4,6,8,0.78,6.8,5.0,6.6,5.6,6.0
S374,EXAM_1373,Social Sciences,5.2,6,1,9,4,0.91,6.4,6.2,5.8,6.2,6.2
S375,EXAM_1374,Business,5.9,3,7,9,5,0.66,6.5,7.3,7.3,6.6,6.9
S376,EXAM_1375,Linguistics,5.0,8,4,3,6,0.83,6.0,6.6,6.3,5.7,6.1
S377,EXAM_1376,Business,5.2,10,8,3,7,0.97,6.1,7.1,6.8,5.9,6.5
S378,EXAM_1377,Social Sciences,5.7,7,6,1,7,0.63,5.9,6.4,6.2,6.2,6.2
S379,EXAM_1378,Engineering,4.7,8,1,1,4,0.76,6.6,6.1,5.5,6.3,6.1
S380,EXAM_1379,Business,4.8,5,2,6,10,0.92,6.0,7.1,6.3,5.1,6.1
S381,EXAM_1380,Linguistics,5.0,8,3,3,6,0.81,5.9,6.7,6.3,5.6,6.1
S382,EXAM_1381,Engineering,4.6,5,1,9,10,0.63,6.4,6.6,5.7,5.6,6.1
S383,EXAM_1382,Information Technology,5.3,7,5,8,4,0.9,6.7,6.0,6.2,5.3,6.0
S384,EXAM_1383,Business,4.9,2,8,2,6,0.65,5.4,6.1,5.6,6.5,5.9
S385,EXAM_1384,Information Technology,5.6,10,9,7,1,0.76,6.2,5.6,5.1,6.8,5.9
S386,EXAM_1385,Information Technology,4.8,7,1,10,5,0.63,6.1,6.6,5.7,6.0,6.1
S387,EXAM_1386,Linguistics,5.3,12,5,2,5,0.6,6.5,7.1,6.5,4.5,6.2
S388,EXAM_1387,Information Technology,4.6,11,2,8,10,0.76,6.4,6.4,5.3,5.4,5.9
S389,EXAM_1388,Linguistics,5.3,8,4,4,5,0.91,6.7,6.4,5.9,5.4,6.1
S390,EXAM_1389,Engineering,4.7,10,4,2,9,0.87,6.3,6.5,5.6,6.0,6.1
S391,EXAM_1390,Engineering,5.1,7,10,1,8,0.66,6.3,7.7,6.0,5.9,6.5
S392,EXAM_1391,Linguistics,5.4,4,1,3,10,0.75,6.9,6.2,5.7,6.2,6.2
S393,EXAM_1392,Engineering,5.4,7,9,6,6,0.95,6.3,7.8,6.0,5.3,6.4
S394,EXAM_1393,Social Sciences,5.6,12,6,7,3,0.66,6.7,6.3,5.9,6.1,6.2
S395,EXAM_1394,Linguistics,5.3,5,8,9,1,0.83,5.9,5.5,6.8,5.9,6.0
S396,EXAM_1395,Linguistics,5.3,9,5,7,8,0.73,5.8,7.2,5.2,5.9,6.0
S397,EXAM_1396,Business,5.6,3,8,1,1,0.74,6.4,7.1,5.8,5.3,6.2
S398,EXAM_1397,Business,5.2,4,6,5,5,0.92,5.8,5.8,5.7,5.9,5.8
S399,EXAM_1398,Engineering,4.8,4,6,5,4,0.64,6.8,5.9,5.9,6.2,6.2
S400,EXAM_1399,Business,5.0,5,3,3,9,0.9,5.9,7.0,5.7,6.1,6.2
S401,EXAM_1400,Linguistics,5.7,2,1,4,1,0.7,5.6,6.3,6.8,5.9,6.2
S402,EXAM_1401,Engineering,4.8,3,8,3,1,0.64,5.9,5.9,5.7,5.1,5.6
S403,EXAM_1402,Information Technology,4.5,10,2,8,10,0.75,6.4,6.4,5.2,5.3,5.8
S404,EXAM_1403,Linguistics,5.0,8,1,6,1,0.75,5.8,6.2,5.4,5.4,5.7
S405,EXAM_1404,Social Sciences,4.8,2,4,6,6,0.88,6.3,5.9,5.7,5.7,5.9
S406,EXAM_1405,Information Technology,4.7,8,6,1,6,0.64,5.5,5.9,6.6,5.0,5.8
S407,EXAM_1406,Social Sciences,5.3,11,3,5,10,0.75,5.5,6.4,5.8,6.8,6.1
S408,EXAM_1407,Engineering,6.1,7,6,9,8,0.83,7.7,6.9,7.2,5.4,6.8
S409,EXAM_1408,Linguistics,5.1,8,1,6,1,0.75,5.9,6.2,5.4,5.4,5.7
S410,EXAM_1409,Engineering,5.0,5,8,2,10,0.83,6.2,5.9,5.8,7.0,6.2
S411,EXAM_1410,Linguistics,4.7,6,3,2,10,0.68,5.7,6.1,5.8,6.1,5.9
S412,EXAM_1411,Engineering,5.0,2,1,8,8,0.96,7.4,5.5,4.9,5.3,5.8
S413,EXAM_1412,Information Technology,4.9,10,3,1,5,0.66,5.7,6.1,6.8,5.7,6.1
S414,EXAM_1413,Business,5.1,10,9,7,7,0.68,6.4,6.4,5.9,5.1,6.0
S415,EXAM_1414,Information Technology,4.9,9,6,1,5,0.64,5.6,5.9,6.7,5.0,5.8
S416,EXAM_1415,Engineering,5.1,5,4,3,1,0.6,6.2,7.0,5.5,5.9,6.2
S417,EXAM_1416,Business,5.9,3,7,10,5,0.63,6.4,7.3,7.3,6.7,6.9
S418,EXAM_1417,Engineering,5.0,7,6,2,4,0.89,5.6,5.4,6.6,5.3,5.7
S419,EXAM_1418,Business,4.9,4,1,7,3,0.73,7.1,6.3,6.1,6.1,6.4
S420,EXAM_1419,Engineering,4.8,8,1,1,4,0.76,6.6,6.1,5.3,6.2,6.0
S421,EXAM_1420,Linguistics,5.7,5,6,7,3,0.84,6.3,6.7,5.7,6.3,6.2
S422,EXAM_1421,Linguistics,5.2,12,4,5,2,0.73,6.3,5.7,7.7,5.8,6.4
S423,EXAM_1422,Business,5.9,3,7,9,5,0.62,6.6,7.4,7.2,6.7,7.0
S424,EXAM_1423,Business,4.4,5,8,4,6,0.66,6.0,5.9,5.1,5.1,5.5
S425,EXAM_1424,Business,4.6,4,1,1,8,0.95,6.3,6.0,6.2,5.3,6.0
S426,EXAM_1425,Engineering,5.0,4,8,2,10,0.87,6.2,5.8,5.8,6.8,6.2
S427,EXAM_1426,Engineering,4.8,2,8,2,1,0.65,5.8,5.8,5.6,5.1,5.6
S428,EXAM_1427,Engineering,5.0,12,2,8,5,0.62,6.4,5.9,5.8,5.8,6.0
S429,EXAM_1428,Social Sciences,5.7,2,5,9,9,0.98,7.4,7.0,6.0,5.1,6.4
S430,EXAM_1429,Information Technology,6.0,2,7,1,7,0.73,6.5,6.7,6.8,6.5,6.6
S431,EXAM_1430,Engineering,4.7,10,4,2,9,0.85,6.4,6.4,5.7,6.0,6.1
S432,EXAM_1431,Engineering,4.9,10,7,1,7,0.87,6.5,5.4,6.6,5.3,6.0
S433,EXAM_1432,Linguistics,5.0,8,3,4,6,0.8,6.0,6.6,6.3,5.7,6.1
S434,EXAM_1433,Linguistics,5.6,7,10,5,10,0.95,6.4,6.9,5.5,6.9,6.4
S435,EXAM_1434,Business,4.7,12,1,8,6,0.75,6.1,5.2,5.9,5.7,5.7
S436,EXAM_1435,Social Sciences,4.2,5,4,5,1,0.62,5.5,5.4,5.9,5.4,5.6
S437,EXAM_1436,Engineering,5.0,2,1,8,8,0.98,7.6,5.5,4.8,5.3,5.8
S438,EXAM_1437,Engineering,5.4,8,9,6,7,0.93,6.1,7.8,6.0,5.3,6.3
S439,EXAM_1438,Engineering,5.1,7,6,2,4,0.88,5.6,5.3,6.6,5.1,5.6
S440,EXAM_1439,Business,5.3,11,1,6,4,0.99,5.7,6.7,6.2,6.0,6.2
S441,EXAM_1440,Social Sciences,4.7,3,2,3,2,0.89,6.6,5.7,6.0,4.8,5.8
S442,EXAM_1441,Business,5.5,3,8,1,1,0.71,6.4,7.0,5.8,5.4,6.2
S443,EXAM_1442,Engineering,5.4,7,1,8,1,0.64,6.6,5.9,6.4,6.0,6.2
S444,EXAM_1443,Linguistics,5.2,12,5,5,2,0.71,6.4,5.6,7.7,5.8,6.4
S445,EXAM_1444,Information Technology,4.9,10,9,6,4,0.89,5.7,7.2,6.0,5.5,6.1
S446,EXAM_1445,Engineering,6.1,7,6,9,8,0.83,7.7,6.9,7.2,5.5,6.8
S447,EXAM_1446,Business,4.9,4,1,7,3,0.73,7.0,6.3,6.2,6.2,6.4
S448,EXAM_1447,Information Technology,4.9,10,3,1,5,0.65,5.7,6.1,6.8,5.7,6.1
S449,EXAM_1448,Engineering,4.8,8,1,1,4,0.76,6.7,6.2,5.4,6.2,6.1
S450,EXAM_1449,Linguistics,5.4,9,7,9,9,0.8,6.5,5.7,5.8,5.8,6.0
S451,EXAM_1450,Engineering,4.9,4,6,5,5,0.63,6.9,5.9,5.9,6.2,6.2
S452,EXAM_1451,Information Technology,5.3,7,5,8,4,0.92,6.7,6.1,6.2,5.3,6.1
S453,EXAM_1452,Social Sciences,5.4,8,8,3,10,0.91,6.6,7.0,6.6,5.9,6.5
S454,EXAM_1453,Business,5.2,4,5,5,5,0.93,5.8,5.8,5.8,5.9,5.8
S455,EXAM_1454,Engineering,4.8,4,6,5,5,0.62,6.8,5.9,5.9,6.2,6.2
S456,EXAM_1455,Linguistics,5.6,7,10,5,10,0.96,6.2,7.0,5.5,6.9,6.4
S457,EXAM_1456,Engineering,5.1,10,3,5,7,0.98,5.5,6.3,5.6,5.6,5.8
S458,EXAM_1457,Engineering,5.4,7,9,6,6,0.96,6.3,7.8,6.0,5.3,6.4
S459,EXAM_1458,Business,4.8,5,2,6,10,0.88,6.0,7.0,6.5,5.1,6.2
S460,EXAM_1459,Engineering,5.8,10,4,4,3,0.95,6.8,6.2,6.2,6.6,6.4
S461,EXAM_1460,Linguistics,5.3,4,7,3,9,0.75,6.3,6.7,6.1,5.6,6.2
S462,EXAM_1461,Engineering,4.8,6,4,3,10,0.73,5.5,6.2,5.7,4.8,5.6
S463,EXAM_1462,Information Technology,4.5,10,2,5,10,0.86,5.9,6.8,5.5,5.7,6.0
S464,EXAM_1463,Social Sciences,4.7,4,2,3,2,0.89,6.7,5.5,6.0,4.8,5.8
S465,EXAM_1464,Engineering,5.2,8,4,3,7,0.9,5.9,6.3,5.5,5.0,5.7
S466,EXAM_1465,Linguistics,5.0,2,7,8,4,0.96,6.0,6.7,6.2,5.6,6.1
S467,EXAM_1466,Engineering,4.8,4,5,5,4,0.63,6.8,5.8,5.9,6.2,6.2
S468,EXAM_1467,Social Sciences,4.7,2,4,6,6,0.87,6.1,5.9,5.7,5.8,5.9
S469,EXAM_1468,Information Technology,5.3,8,5,8,4,0.91,6.5,5.9,6.2,5.4,6.0
S470,EXAM_1469,Linguistics,5.1,8,3,3,6,0.8,6.0,6.6,6.3,5.6,6.1
S471,EXAM_1470,Social Sciences,4.2,5,4,3,2,0.63,5.5,5.3,5.9,5.6,5.6
S472,EXAM_1471,Business,4.7,11,1,8,6,0.75,6.0,5.2,6.0,5.5,5.7
S473,EXAM_1472,Linguistics,5.8,4,7,7,1,0.97,6.2,7.2,5.6,6.7,6.4
S474,EXAM_1473,Engineering,5.8,9,4,4,3,0.97,6.6,6.2,6.2,6.5,6.4
S475,EXAM_1474,Linguistics,4.9,3,3,4,4,0.78,7.3,5.2,6.3,5.4,6.1
S476,EXAM_1475,Linguistics,5.2,5,7,10,1,0.83,5.8,5.5,6.8,5.8,6.0
S477,EXAM_1476,Social Sciences,5.6,2,5,10,9,0.99,7.4,6.9,6.0,5.2,6.4
S478,EXAM_1477,Information Technology,3.9,7,3,3,10,0.92,4.6,6.4,5.3,5.4,5.4
S479,EXAM_1478,Social Sciences,5.2,6,1,9,5,0.92,6.4,6.4,5.9,6.1,6.2
S480,EXAM_1479,Information Technology,4.5,11,2,8,10,0.77,6.5,6.5,5.4,5.3,5.9
S481,EXAM_1480,Social Sciences,5.3,11,3,5,10,0.75,5.4,6.5,5.7,6.7,6.1
S482,EXAM_1481,Engineering,5.1,7,6,2,4,0.89,5.4,5.4,6.6,5.2,5.6
S483,EXAM_1482,Engineering,5.1,10,9,1,2,0.64,6.3,5.7,6.1,4.9,5.8
S484,EXAM_1483,Linguistics,4.9,11,1,3,10,0.84,6.6,6.7,5.9,5.2,6.1
S485,EXAM_1484,Linguistics,5.7,5,6,6,3,0.85,6.1,6.5,5.7,6.4,6.2
S486,EXAM_1485,Linguistics,5.6,7,10,5,10,0.95,6.3,6.9,5.5,6.9,6.4
S487,EXAM_1486,Business,4.6,8,1,7,2,0.86,7.6,5.5,6.1,4.8,6.0
S488,EXAM_1487,Information Technology,4.9,6,10,5,3,0.6,7.1,6.8,6.1,5.0,6.2
S489,EXAM_1488,Business,6.0,12,9,2,5,0.75,7.5,6.8,5.6,6.5,6.6
S490,EXAM_1489,Linguistics,5.4,4,1,3,10,0.75,7.0,6.1,5.8,6.3,6.3
S491,EXAM_1490,Social Sciences,4.7,2,4,6,6,0.86,6.2,5.9,5.6,5.8,5.9
S492,EXAM_1491,Information Technology,4.5,10,2,5,10,0.88,6.0,6.9,5.6,5.7,6.0
S493,EXAM_1492,Business,5.3,11,1,7,4,1.0,5.8,6.7,6.1,6.0,6.2
S494,EXAM_1493,Business,5.9,3,7,9,5,0.64,6.4,7.3,7.2,6.8,6.9
S495,EXAM_1494,Engineering,5.4,6,9,6,6,0.92,6.2,7.9,6.0,5.3,6.4
S496,EXAM_1495,Linguistics,5.7,5,5,6,3,0.87,6.2,6.8,5.6,6.3,6.2
S497,EXAM_1496,Engineering,4.8,2,8,2,1,0.64,5.8,5.9,5.6,5.0,5.6
S498,EXAM_1497,Engineering,4.6,5,1,9,10,0.59,6.4,6.7,5.8,5.6,6.1
S499,EXAM_1498,Business,4.7,11,1,9,6,0.76,5.9,5.4,5.9,5.6,5.7
S500,EXAM_1499,Linguistics,4.9,6,7,2,10,0.74,6.3,6.3,5.7,4.9,5.8
S501,EXAM_1500,Business,5.2,8,4,10,10,0.85,6.9,6.2,6.4,6.3,6.4
S502,EXAM_1501,Business,4.6,6,6,9,8,0.94,6.2,5.8,6.3,5.5,6.0
S503,EXAM_1502,Linguistics,5.3,3,6,3,9,0.79,6.2,6.7,6.2,5.5,6.2
S504,EXAM_1503,Information Technology,5.0,2,10,2,7,0.87,5.8,6.2,5.4,6.3,5.9
S505,EXAM_1504,Information Technology,5.4,10,5,6,8,0.79,6.7,5.0,6.6,5.4,5.9
S506,EXAM_1505,Engineering,5.4,7,7,8,10,0.88,6.8,7.2,6.2,6.5,6.7
S507,EXAM_1506,Business,5.0,6,2,3,9,0.9,6.0,7.0,5.7,6.1,6.2
S508,EXAM_1507,Social Sciences,5.1,5,1,9,5,0.91,6.4,6.4,5.9,6.2,6.2
S509,EXAM_1508,Linguistics,4.3,4,8,4,1,0.84,6.1,6.6,5.6,5.0,5.8
S510,EXAM_1509,Business,5.0,4,1,7,3,0.73,7.0,6.2,6.1,6.2,6.4
S511,EXAM_1510,Engineering,5.3,2,3,1,7,0.8,6.5,5.8,5.8,6.3,6.1
S512,EXAM_1511,Information Technology,5.0,6,10,5,2,0.6,7.2,6.8,6.3,4.9,6.3
S513,EXAM_1512,Information Technology,5.5,11,8,7,2,0.73,6.3,5.7,5.2,6.7,6.0
S514,EXAM_1513,Engineering,4.7,5,1,9,10,0.61,6.5,6.5,5.7,5.5,6.0
S515,EXAM_1514,Linguistics,4.3,4,8,4,1,0.83,6.3,6.6,5.7,5.1,5.9
S516,EXAM_1515,Linguistics,5.1,8,1,6,1,0.74,5.9,6.2,5.4,5.6,5.8
S517,EXAM_1516,Business,4.4,10,1,7,2,0.85,7.6,5.6,6.1,4.7,6.0
S518,EXAM_1517,Business,4.6,4,1,1,8,0.94,6.4,6.1,6.1,5.1,5.9
S519,EXAM_1518,Linguistics,5.4,12,5,2,5,0.59,6.6,7.2,6.5,4.5,6.2
S520,EXAM_1519,Linguistics,4.9,6,7,2,10,0.77,6.3,6.3,5.6,4.7,5.7
S521,EXAM_1520,Linguistics,5.4,4,1,3,10,0.74,6.9,6.3,5.7,6.3,6.3
S522,EXAM_1521,Social Sciences,5.7,2,5,9,9,0.99,7.4,7.0,6.1,5.1,6.4
S523,EXAM_1522,Linguistics,5.8,3,7,6,2,0.95,6.1,7.3,5.6,6.7,6.4
S524,EXAM_1523,Information Technology,5.2,9,9,5,5,0.83,5.6,6.1,6.1,5.8,5.9
S525,EXAM_1524,Engineering,4.8,2,8,2,1,0.66,6.0,5.8,5.6,5.2,5.6
S526,EXAM_1525,Information Technology,4.9,10,9,6,4,0.87,5.8,7.3,6.0,5.5,6.2
S527,EXAM_1526,Social Sciences,5.2,6,1,9,5,0.93,6.4,6.3,5.8,6.3,6.2
S528,EXAM_1527,Linguistics,4.9,6,7,2,10,0.76,6.3,6.3,5.7,4.8,5.8
S529,EXAM_1528,Information Technology,5.3,10,5,6,8,0.81,6.6,4.9,6.6,5.5,5.9
S530,EXAM_1529,Linguistics,4.9,8,3,3,6,0.83,6.1,6.6,6.3,5.6,6.2
S531,EXAM_1530,Linguistics,4.8,2,1,6,3,0.93,6.2,6.1,4.7,5.3,5.6
S532,EXAM_1531,Engineering,5.0,8,4,3,6,0.89,5.8,6.2,5.6,4.9,5.6
S533,EXAM_1532,Linguistics,5.8,3,7,6,1,0.96,6.3,7.2,5.5,6.6,6.4
S534,EXAM_1533,Information Technology,5.5,10,9,7,1,0.78,6.2,5.7,5.1,6.7,5.9
S535,EXAM_1534,Social Sciences,5.2,6,1,9,5,0.93,6.3,6.4,5.9,6.2,6.2
S536,EXAM_1535,Linguistics,5.3,8,4,4,5,0.9,6.8,6.5,5.9,5.4,6.2
S537,EXAM_1536,Information Technology,6.0,2,7,1,7,0.72,6.4,6.7,6.7,6.5,6.6
S538,EXAM_1537,Engineering,5.2,7,10,1,8,0.65,6.4,7.6,6.0,6.0,6.5
S539,EXAM_1538,Linguistics,4.2,4,8,4,1,0.84,6.3,6.6,5.6,5.1,5.9
S540,EXAM_1539,Social Sciences,5.5,8,6,1,7,0.64,5.8,6.4,6.1,6.3,6.1
S541,EXAM_1540,Engineering,5.3,7,1,7,1,0.63,6.6,5.9,6.3,6.0,6.2
S542,EXAM_1541,Engineering,6.1,7,6,9,8,0.84,7.5,6.8,7.2,5.5,6.8
S543,EXAM_1542,Engineering,5.0,2,1,9,8,0.98,7.5,5.5,5.0,5.3,5.8
S544,EXAM_1543,Information Technology,4.9,10,9,6,4,0.88,5.8,7.3,5.9,5.5,6.1
S545,EXAM_1544,Linguistics,4.7,11,1,3,10,0.85,6.5,6.5,6.1,5.2,6.1
S546,EXAM_1545,Linguistics,5.3,4,7,3,9,0.79,6.4,6.7,6.1,5.5,6.2
S547,EXAM_1546,Linguistics,5.2,8,4,4,5,0.9,6.8,6.4,5.9,5.4,6.1
S548,EXAM_1547,Business,5.4,7,9,4,10,0.72,6.8,5.3,6.2,6.6,6.2
S549,EXAM_1548,Engineering,4.9,10,7,1,7,0.87,6.5,5.5,6.6,5.3,6.0
S550,EXAM_1549,Social Sciences,4.4,12,7,1,6,0.93,5.6,6.1,6.4,4.3,5.6
S551,EXAM_1550,Linguistics,5.3,9,5,7,8,0.76,5.8,7.2,5.4,6.0,6.1
S552,EXAM_1551,Linguistics,5.3,4,7,3,9,0.77,6.3,6.7,5.9,5.5,6.1
S553,EXAM_1552,Business,5.4,8,5,3,6,0.94,6.8,6.3,6.1,4.9,6.0
S554,EXAM_1553,Business,4.6,6,6,9,8,0.93,6.1,5.7,6.1,5.5,5.8
S555,EXAM_1554,Business,4.4,5,7,4,6,0.65,5.9,5.9,5.2,5.1,5.5
S556,EXAM_1555,Business,4.8,4,2,6,9,0.89,6.2,7.1,6.4,5.1,6.2
S557,EXAM_1556,Engineering,4.7,5,1,9,9,0.61,6.4,6.6,5.8,5.7,6.1
S558,EXAM_1557,Information Technology,4.5,10,2,5,10,0.84,6.1,6.8,5.5,5.7,6.0
S559,EXAM_1558,Engineering,5.2,7,6,1,4,0.87,5.6,5.4,6.7,5.1,5.7
S560,EXAM_1559,Social Sciences,4.2,4,3,3,6,0.9,5.4,5.3,5.2,5.4,5.3
S561,EXAM_1560,Linguistics,4.9,8,3,3,6,0.81,6.0,6.6,6.4,5.7,6.2
S562,EXAM_1561,Linguistics,5.3,4,7,3,9,0.78,6.3,6.7,6.2,5.5,6.2
S563,EXAM_1562,Social Sciences,4.7,2,4,6,6,0.87,6.2,5.9,5.6,5.8,5.9
S564,EXAM_1563,Engineering,5.0,4,8,2,10,0.84,6.1,5.8,5.7,6.8,6.1
S565,EXAM_1564,Information Technology,3.9,7,4,3,10,0.93,4.6,6.3,5.2,5.4,5.4
S566,EXAM_1565,Linguistics,5.4,8,7,9,9,0.8,6.6,5.7,5.7,5.7,5.9
S567,EXAM_1566,Information Technology,5.0,2,10,3,7,0.86,5.9,6.2,5.3,6.2,5.9
S568,EXAM_1567,Business,5.3,9,9,1,3,0.94,7.1,6.6,5.4,5.8,6.2
S569,EXAM_1568,Engineering,5.4,7,9,6,6,0.97,6.2,7.8,5.9,5.3,6.3
S570,EXAM_1569,Information Technology,5.1,9,8,4,4,0.83,5.6,5.9,6.0,5.8,5.8
S571,EXAM_1570,Engineering,5.1,8,4,3,6,0.89,6.0,6.2,5.6,5.0,5.7
S572,EXAM_1571,Business,5.2,4,6,5,5,0.92,5.8,5.8,5.6,6.0,5.8
S573,EXAM_1572,Business,5.6,4,8,1,1,0.72,6.5,7.1,5.7,5.3,6.2
S574,EXAM_1573,Business,5.4,8,5,3,6,0.93,6.7,6.4,6.2,5.0,6.1
S575,EXAM_1574,Business,5.3,11,1,5,4,1.0,5.7,6.6,6.2,5.9,6.1
S576,EXAM_1575,Engineering,4.8,6,4,3,10,0.75,5.4,6.3,5.7,4.9,5.6
S577,EXAM_1576,Information Technology,4.8,6,10,5,3,0.61,7.1,7.0,6.2,4.8,6.3
S578,EXAM_1577,Linguistics,4.9,6,7,2,10,0.78,6.3,6.4,5.7,4.8,5.8
S579,EXAM_1578,Social Sciences,4.7,2,4,6,6,0.87,6.2,5.9,5.7,5.8,5.9
S580,EXAM_1579,Engineering,5.1,7,10,1,8,0.66,6.5,7.6,5.9,6.0,6.5
S581,EXAM_1580,Engineering,6.0,2,7,1,10,0.78,7.5,6.9,6.9,5.0,6.6
S582,EXAM_1581,Linguistics,4.8,12,1,3,10,0.85,6.6,6.6,6.0,5.2,6.1
S583,EXAM_1582,Social Sciences,4.8,10,4,4,6,0.94,6.3,6.5,6.8,5.2,6.2
S584,EXAM_1583,Business,5.9,3,7,9,5,0.64,6.5,7.4,7.2,6.8,7.0
S585,EXAM_1584,Linguistics,5.7,2,1,4,1,0.73,5.6,6.4,6.8,5.9,6.2
S586,EXAM_1585,Linguistics,4.6,6,3,2,10,0.67,5.6,6.0,5.8,6.1,5.9
S587,EXAM_1586,Social Sciences,4.7,3,4,6,6,0.86,6.2,5.9,5.6,5.8,5.9
S588,EXAM_1587,Engineering,5.7,10,4,4,3,0.95,6.7,6.2,6.2,6.7,6.4
S589,EXAM_1588,Linguistics,4.7,6,4,2,10,0.69,5.7,6.1,5.7,6.1,5.9
S590,EXAM_1589,Business,4.6,4,1,1,8,0.93,6.3,6.1,6.1,5.2,5.9
S591,EXAM_1590,Linguistics,4.8,10,10,9,6,0.71,5.6,6.7,6.5,5.6,6.1
S592,EXAM_1591,Information Technology,4.9,10,9,6,4,0.9,5.7,7.3,6.0,5.5,6.1
S593,EXAM_1592,Social Sciences,4.7,2,4,6,6,0.88,6.2,5.9,5.7,5.8,5.9
S594,EXAM_1593,Social Sciences,4.7,2,4,6,7,0.86,6.2,5.9,5.7,5.8,5.9
S595,EXAM_1594,Linguistics,5.5,7,9,5,10,0.97,6.2,7.1,5.4,6.9,6.4
S596,EXAM_1595,Engineering,4.7,5,10,7,3,0.63,6.5,5.4,5.8,4.4,5.5
S597,EXAM_1596,Engineering,6.1,7,6,9,8,0.83,7.6,6.9,7.1,5.5,6.8
S598,EXAM_1597,Information Technology,4.9,6,10,5,3,0.62,7.1,6.8,6.2,4.9,6.2
S599,EXAM_1598,Engineering,4.9,5,3,4,10,0.75,5.5,6.3,5.7,4.9,5.6
S600,EXAM_1599,Linguistics,5.6,7,10,5,10,0.96,6.3,6.9,5.7,6.8,6.4
S601,EXAM_1600,Linguistics,4.8,2,1,6,3,0.95,6.2,6.2,4.6,5.2,5.6
S602,EXAM_1601,Linguistics,4.7,6,3,2,10,0.68,5.7,6.1,5.7,6.0,5.9
S603,EXAM_1602,Information Technology,5.2,7,4,8,5,0.89,6.5,6.0,6.2,5.3,6.0
S604,EXAM_1603,Linguistics,5.5,8,10,5,10,0.97,6.4,7.0,5.6,6.9,6.5
S605,EXAM_1604,Information Technology,6.0,4,7,3,5,0.99,5.9,6.4,7.1,6.6,6.5
S606,EXAM_1605,Social Sciences,5.2,5,1,9,5,0.94,6.4,6.4,6.0,6.2,6.2
S607,EXAM_1606,Business,4.5,9,1,7,2,0.84,7.6,5.5,6.0,4.7,6.0
S608,EXAM_1607,Linguistics,5.7,2,2,4,1,0.71,5.6,6.3,6.8,6.0,6.2
S609,EXAM_1608,Linguistics,4.8,2,1,6,3,0.92,6.2,6.3,4.6,5.2,5.6
S610,EXAM_1609,Linguistics,5.2,8,1,6,1,0.76,5.9,6.2,5.4,5.4,5.7
S611,EXAM_1610,Business,5.3,11,1,6,3,0.98,5.8,6.8,6.2,5.9,6.2
S612,EXAM_1611,Linguistics,5.5,7,10,5,9,0.98,6.3,7.0,5.5,6.9,6.4
S613,EXAM_1612,Social Sciences,5.7,2,5,9,9,0.98,7.3,6.9,6.0,5.1,6.3
S614,EXAM_1613,Linguistics,4.6,6,3,2,10,0.69,5.6,6.1,5.7,6.0,5.8
S615,EXAM_1614,Engineering,4.8,4,10,7,3,0.64,6.4,5.5,5.8,4.4,5.5
S616,EXAM_1615,Social Sciences,4.3,12,7,1,5,0.9,5.7,6.1,6.3,4.4,5.6
S617,EXAM_1616,Business,5.3,7,8,8,9,0.63,5.9,7.6,6.4,6.1,6.5
S618,EXAM_1617,Social Sciences,4.2,5,4,4,2,0.62,5.3,5.2,5.9,5.5,5.5
S619,EXAM_1618,Engineering,5.1,8,4,3,6,0.89,5.9,6.3,5.5,4.9,5.6
S620,EXAM_1619,Linguistics,5.1,11,5,5,2,0.72,6.5,5.7,7.7,5.8,6.4
S621,EXAM_1620,Engineering,4.7,5,1,9,9,0.64,6.5,6.6,5.8,5.6,6.1
S622,EXAM_1621,Engineering,4.7,5,10,7,3,0.65,6.5,5.4,5.8,4.4,5.5
S623,EXAM_1622,Social Sciences,4.8,11,4,4,7,0.95,6.3,6.6,6.8,5.2,6.2
S624,EXAM_1623,Business,4.5,6,6,9,8,0.91,6.3,5.8,6.2,5.4,5.9
S625,EXAM_1624,Social Sciences,4.7,7,9,7,2,0.82,5.5,6.2,5.5,4.5,5.4
S626,EXAM_1625,Information Technology,4.5,10,2,5,10,0.83,6.1,6.9,5.4,5.7,6.0
S627,EXAM_1626,Social Sciences,4.5,12,7,1,5,0.91,5.5,6.1,6.3,4.4,5.6
S628,EXAM_1627,Business,5.4,8,5,2,6,0.94,6.8,6.3,6.1,4.9,6.0
S629,EXAM_1628,Business,4.7,11,1,8,6,0.74,5.9,5.1,5.8,5.6,5.6
S630,EXAM_1629,Business,5.6,3,8,1,1,0.73,6.4,7.1,5.7,5.4,6.2
S631,EXAM_1630,Linguistics,5.6,7,10,5,10,0.96,6.3,6.9,5.6,6.9,6.4
S632,EXAM_1631,Engineering,5.0,9,4,6,7,0.98,5.4,6.3,5.6,5.6,5.7
S633,EXAM_1632,Engineering,5.0,12,2,8,4,0.59,6.4,5.8,5.8,5.9,6.0
S634,EXAM_1633,Linguistics,5.8,3,7,6,1,0.99,6.1,7.2,5.6,6.7,6.4
S635,EXAM_1634,Information Technology,4.9,9,3,1,5,0.66,5.8,6.2,6.9,5.7,6.1
S636,EXAM_1635,Information Technology,4.9,10,2,1,5,0.65,5.6,6.1,6.9,5.7,6.1
S637,EXAM_1636,Linguistics,5.6,7,10,5,10,0.97,6.3,7.0,5.6,6.9,6.4
S638,EXAM_1637,Information Technology,5.9,2,7,1,7,0.75,6.5,6.7,6.8,6.3,6.6
S639,EXAM_1638,Engineering,6.1,7,6,9,8,0.84,7.7,6.8,7.2,5.5,6.8
S640,EXAM_1639,Information Technology,3.9,7,3,3,10,0.94,4.6,6.3,5.4,5.4,5.4
S641,EXAM_1640,Business,4.9,2,8,2,6,0.63,5.3,6.2,5.6,6.5,5.9
S642,EXAM_1641,Linguistics,5.1,8,3,3,6,0.83,5.9,6.6,6.4,5.7,6.1
S643,EXAM_1642,Linguistics,5.3,4,7,4,9,0.77,6.3,6.6,6.0,5.4,6.1
S644,EXAM_1643,Business,4.5,8,1,8,2,0.81,7.6,5.6,6.0,4.7,6.0
S645,EXAM_1644,Business,4.8,4,1,7,3,0.75,6.8,6.3,6.2,6.3,6.4
S646,EXAM_1645,Social Sciences,4.2,4,3,3,6,0.91,5.4,5.4,5.2,5.3,5.3
S647,EXAM_1646,Engineering,5.0,5,4,3,1,0.63,6.2,7.1,5.5,6.0,6.2
S648,EXAM_1647,Social Sciences,4.7,8,9,7,2,0.83,5.5,6.1,5.5,4.5,5.4
S649,EXAM_1648,Linguistics,5.0,12,5,5,1,0.72,6.4,5.7,7.7,5.8,6.4
S650,EXAM_1649,Social Sciences,5.5,8,2,5,7,1.0,7.3,6.0,6.1,6.0,6.4
S651,EXAM_1650,Linguistics,5.3,5,7,10,1,0.83,5.9,5.4,6.7,5.9,6.0
S652,EXAM_1651,Business,5.0,6,2,4,9,0.9,6.1,7.0,5.6,6.1,6.2
S653,EXAM_1652,Social Sciences,4.1,5,3,3,6,0.89,5.4,5.4,5.1,5.3,5.3
S654,EXAM_1653,Information Technology,5.4,10,9,7,1,0.75,6.3,5.6,5.4,6.7,6.0
S655,EXAM_1654,Linguistics,5.7,5,6,6,4,0.88,6.1,6.7,5.8,6.4,6.2
S656,EXAM_1655,Information Technology,4.6,12,2,8,9,0.76,6.7,6.4,5.4,5.4,6.0
S657,EXAM_1656,Linguistics,5.6,2,1,4,1,0.7,5.7,6.4,6.9,5.9,6.2
S658,EXAM_1657,Linguistics,5.5,4,1,3,10,0.72,6.9,6.2,5.7,6.3,6.3
S659,EXAM_1658,Business,4.7,11,1,8,7,0.75,5.9,5.4,5.9,5.6,5.7
S660,EXAM_1659,Engineering,4.9,3,8,2,10,0.84,6.1,5.8,5.8,6.8,6.1
S661,EXAM_1660,Engineering,5.3,7,1,7,1,0.64,6.7,5.8,6.2,6.1,6.2
S662,EXAM_1661,Information Technology,3.9,7,3,3,10,0.93,4.6,6.4,5.4,5.4,5.4
S663,EXAM_1662,Business,5.5,8,5,3,6,0.94,6.7,6.4,6.1,4.8,6.0
S664,EXAM_1663,Business,4.3,5,7,4,6,0.64,5.8,5.8,5.2,5.1,5.5
S665,EXAM_1664,Social Sciences,4.7,4,2,3,3,0.91,6.6,5.6,6.0,4.8,5.8
S666,EXAM_1665,Engineering,5.0,12,2,8,5,0.62,6.4,5.7,5.9,5.9,6.0
S667,EXAM_1666,Engineering,5.9,2,6,1,10,0.79,7.5,7.1,6.9,5.0,6.6
S668,EXAM_1667,Linguistics,5.4,8,4,4,5,0.87,6.9,6.4,6.0,5.3,6.2
S669,EXAM_1668,Business,4.9,2,8,2,7,0.63,5.4,6.0,5.6,6.5,5.9
S670,EXAM_1669,Engineering,5.8,10,4,4,3,0.98,6.6,6.2,6.2,6.6,6.4
